{
    "extinct": false,
    "random_seed": 197027,
    "time_start": 1644863006.875537,
    "time_end": 1644863070.3894377
}